{
    "rmse": 0.6511657085375976,
    "mae": 0.5276872943636812,
    "r2": 0.31019832237553824
}