{
    "rmse": 0.6620482393906488,
    "mae": 0.5188829694513647,
    "r2": 0.2835472661023125
}